"document","topic","gamma"
1,1,0.504307464930128
2,1,0.508522371203113
3,1,0.500361998200713
4,1,0.505104558413167
5,1,0.5023340368388
6,2,0.502511409324003
7,1,0.508522371203113
8,1,0.501823172311785
9,1,0.506026155926417
10,1,0.506240456598423
11,2,0.501816078815689
12,2,0.503088124388431
13,2,0.507036626744498
14,2,0.503550376685959
15,2,0.502598197196328
16,2,0.503835447666362
17,2,0.502088561027631
18,1,0.509067258325561
19,2,0.501864577317597
20,1,0.501430708075035
21,2,0.503173231987193
22,2,0.508979842054527
23,1,0.501938070164989
24,2,0.507013341403595
25,2,0.506776566153378
26,1,0.500943229591597
27,2,0.504336473435284
28,2,0.50354486796794
29,2,0.504578849768406
30,2,0.500128981656717
31,1,0.505009426068344
32,2,0.502739686775058
33,1,0.507074138125764
34,2,0.500952241677617
35,1,0.502703104711075
36,2,0.504257782652042
37,1,0.501278704726715
38,2,0.501533319195728
39,1,0.501936620890971
40,1,0.503799711754448
41,2,0.503550376685959
42,1,0.503134962772271
43,2,0.507036626744498
44,1,0.507270579471612
45,1,0.502207774898184
46,1,0.502516768627432
47,2,0.506037956582831
48,1,0.502045957845515
49,1,0.50129071815176
50,1,0.500565122413035
51,2,0.500141022846548
52,2,0.50075672673054
53,1,0.504019419080371
54,1,0.504224220250267
55,2,0.503085600620209
56,2,0.505093534434077
57,2,0.501615247538761
59,2,0.503926885205095
60,1,0.504307464930128
61,1,0.501225595985047
62,1,0.502166692720325
63,1,0.504307464930128
64,2,0.504578849768406
65,1,0.507161940298561
66,2,0.502616672971261
67,2,0.501965386682548
68,1,0.503883791401176
69,2,0.500013477859581
70,1,0.502232288896004
71,2,0.50865001711254
72,2,0.500465816776882
73,2,0.500583689083055
74,2,0.501205735099674
75,2,0.502784989013045
76,1,0.503016620993107
77,2,0.501815261030041
78,2,0.507592086546729
79,2,0.503550376685959
80,1,0.502045957845515
81,1,0.509286060377129
82,2,0.508760136146829
83,2,0.507036626744498
84,2,0.50139040381928
85,1,0.504307464930128
86,2,0.504578849768406
87,2,0.506968115168612
88,2,0.500013477859581
89,2,0.507076306884148
90,1,0.501430708075035
91,1,0.502045957845515
92,1,0.505621077665803
93,2,0.502156012754334
94,2,0.507036626744498
95,2,0.50139040381928
96,1,0.501561177422557
97,1,0.508522371203113
98,1,0.500361998200713
99,2,0.502743404365516
100,1,0.503625865570183
101,1,0.50390247254829
103,2,0.5017571223141
104,1,0.505382419769423
105,1,0.507571055867874
106,2,0.503998158166684
107,2,0.503118121427756
108,2,0.508355754071683
109,2,0.502156012754334
110,1,0.505621077665803
111,1,0.50050148046289
112,2,0.500578993161227
113,2,0.501965386682548
114,2,0.502739686775058
115,1,0.507074138125764
116,2,0.50333719524217
117,1,0.502590198797141
118,1,0.503271396846059
119,2,0.503550376685959
120,2,0.503173231987193
121,1,0.509286060377129
122,2,0.508760136146829
123,1,0.505076597563521
124,2,0.507036626744498
125,1,0.504307464930128
126,2,0.504578849768406
127,2,0.500128981656717
128,1,0.505009426068344
129,1,0.50390247254829
131,1,0.501936620890971
132,1,0.503799711754448
133,2,0.502640623897441
134,2,0.503789684429815
135,1,0.501939931324973
136,1,0.501430708075035
137,1,0.502045957845515
138,1,0.505621077665803
139,2,0.50069920201989
140,2,0.507036626744498
141,2,0.501807062792289
142,1,0.503184099833077
143,1,0.502691060817311
144,1,0.506395410075257
145,2,0.503260707549674
146,1,0.505281838925915
147,2,0.50294611236337
148,1,0.507074138125764
149,2,0.50333889005463
150,1,0.509183158186213
151,1,0.506025682638797
152,1,0.500596800230491
153,1,0.50714088623544
154,2,0.509089806619081
155,2,0.50354486796794
156,2,0.504578849768406
157,2,0.500128981656717
158,1,0.505009426068344
159,2,0.502739686775058
160,2,0.502507556425538
161,2,0.501180213405349
162,2,0.500293273979174
163,1,0.501278704726715
164,2,0.503088124388431
165,2,0.507036626744498
166,2,0.505764100145519
167,1,0.504670588257349
168,2,0.50043585364022
169,1,0.501561177422557
170,1,0.508522371203113
171,1,0.501823172311785
172,1,0.50050148046289
173,1,0.506395410075257
174,2,0.507076306884148
175,1,0.502769029526642
176,2,0.503588287142231
177,1,0.500686992992026
178,2,0.506888503854245
179,1,0.505466603984417
180,2,0.507036626744498
181,1,0.504307464930128
182,2,0.50354486796794
183,2,0.504578849768406
184,2,0.500528221153559
185,1,0.506438426994689
186,2,0.502739686775058
187,1,0.507074138125764
188,2,0.504345066425743
189,1,0.503883791401176
190,2,0.506720879850346
191,1,0.506685938783983
193,2,0.503926885205095
194,2,0.500033508473697
195,2,0.501143895899384
196,1,0.507470441671628
197,2,0.502322067581725
198,2,0.503524638631731
199,2,0.504830366055505
200,2,0.501965386682548
201,2,0.508476546481195
202,2,0.503255694358035
203,2,0.501673761043235
204,1,0.501936620890971
205,1,0.503799711754448
206,1,0.502176032599321
207,2,0.504491350478882
208,1,0.507636634179768
209,1,0.503078496074032
210,1,0.507102019528014
211,2,0.505740272059175
212,1,0.500293668628256
213,2,0.501065482183427
214,2,0.500908405168491
215,1,0.500744021135879
216,2,0.501989897918332
217,2,0.501772113649113
218,2,0.50514308595858
219,2,0.502762406749113
220,2,0.503129230246249
221,1,0.505883116697258
222,1,0.500744021135879
223,1,0.501724978900019
224,1,0.504245099470452
225,2,0.504832321608528
226,1,0.500585637941001
227,2,0.506818280158842
228,1,0.503074350338399
229,1,0.500515164258518
230,2,0.502209324920932
231,1,0.506145170280245
232,1,0.5032656876435
233,1,0.502176032599321
234,1,0.501561177422557
235,1,0.508522371203113
236,1,0.500361998200713
237,1,0.50050148046289
238,1,0.506395410075257
239,2,0.507076306884148
240,1,0.502769029526642
241,2,0.503588287142231
242,1,0.500686992992026
243,2,0.506888503854245
244,1,0.505466603984417
245,2,0.507036626744498
246,1,0.501561177422557
247,1,0.508522371203113
248,1,0.500361998200713
249,2,0.502477920927588
250,2,0.500070541505418
251,1,0.503883791401176
252,1,0.502769029526642
253,2,0.503588287142231
254,1,0.504224220250267
255,2,0.503085600620209
256,2,0.504845475579585
257,2,0.501499561283678
258,1,0.505104558413167
259,1,0.503271396846059
260,1,0.501532503934432
261,1,0.503552053196352
262,1,0.505163220862505
263,1,0.500909117012108
264,2,0.505741932929163
265,1,0.50050148046289
266,1,0.50460457014963
267,2,0.502156012754334
268,1,0.505076597563521
270,2,0.503926885205095
271,1,0.501272448944744
273,2,0.500752304424857
274,2,0.502636446967417
275,2,0.506356073789818
276,1,0.504040503499779
277,2,0.50874551131611
278,2,0.503764830960261
279,1,0.500417203701645
280,2,0.501090397276954
281,2,0.501428196690248
282,1,0.501722612125412
283,2,0.505625227536822
284,2,0.502466631718571
285,2,0.501180213405349
286,2,0.500822606493501
287,2,0.508347241916998
288,2,0.50027929999658
289,2,0.503173231987193
290,2,0.508979842054527
291,2,0.506701110382294
292,1,0.501938070164989
293,2,0.504512134621143
294,2,0.504392599185951
295,1,0.500686992992026
296,2,0.507036626744498
297,2,0.502466631718571
298,2,0.504578849768406
299,2,0.504845475579585
300,1,0.505104558413167
301,1,0.5023340368388
302,2,0.50075672673054
303,1,0.504019419080371
304,2,0.505411083809235
305,2,0.502511409324003
306,1,0.508522371203113
307,1,0.501910593098171
308,1,0.505076597563521
309,2,0.501807062792289
310,1,0.506688660759901
311,2,0.504578849768406
312,2,0.505160736694503
313,2,0.501363099794462
314,2,0.507892141731622
315,2,0.501698279826772
316,2,0.503550376685959
317,2,0.509178329160151
318,1,0.502022774705991
319,1,0.505076597563521
320,1,0.505076597563521
321,2,0.500321367964343
322,1,0.508197776027697
323,1,0.502876895942781
324,1,0.50050148046289
325,1,0.502503069819967
326,1,0.505643344179054
327,2,0.503250205858994
328,2,0.50075672673054
329,2,0.501180213405349
330,2,0.500293273979174
331,2,0.504578849768406
333,2,0.504031567759649
334,1,0.502503069819967
335,2,0.502019976004757
336,2,0.506720879850346
337,1,0.508465186140907
338,2,0.500013477859581
339,1,0.505424843450633
340,2,0.502466631718571
341,2,0.504578849768406
342,1,0.50050148046289
343,2,0.502616672971261
344,2,0.502802748889076
345,2,0.503199928612581
346,1,0.50197103517066
347,1,0.501936620890971
348,1,0.503799711754448
349,2,0.50620902535484
350,1,0.502176032599321
351,2,0.505483770546525
352,1,0.502730304349648
353,1,0.50632075281863
354,1,0.50050148046289
355,2,0.500277625960872
356,2,0.501029188588537
357,2,0.505093534434077
358,2,0.504962893216548
359,1,0.501278704726715
360,2,0.505243408145004
361,2,0.502156012754334
362,2,0.501533319195728
363,1,0.505466603984417
364,1,0.504307464930128
365,2,0.504578849768406
366,2,0.505197992785684
367,2,0.501029188588537
368,2,0.50027929999658
369,1,0.50632075281863
370,1,0.503824770277863
371,2,0.504578849768406
373,2,0.503399453251273
374,2,0.502287057583153
375,1,0.502501972803992
376,1,0.502405020368463
377,1,0.50647314462416
378,2,0.501029188588537
379,1,0.501722612125412
380,1,0.508618263411578
381,2,0.503918926933858
382,1,0.507541790344333
383,2,0.504851173470856
384,2,0.50069920201989
385,1,0.505076597563521
386,2,0.501533319195728
387,2,0.503998158166684
388,2,0.504504232751098
389,2,0.500388901053373
390,1,0.501561177422557
391,2,0.502466631718571
392,2,0.504578849768406
393,1,0.506395410075257
394,2,0.507076306884148
395,1,0.503883791401176
396,1,0.502022774705991
397,2,0.501533319195728
398,2,0.502636446967417
399,1,0.506322946865077
400,2,0.507810335265095
401,1,0.506685938783983
402,1,0.504002689265982
403,1,0.504307464930128
404,2,0.504578849768406
405,2,0.500128981656717
406,1,0.505009426068344
407,1,0.501430708075035
408,1,0.502045957845515
409,1,0.505621077665803
410,2,0.50069920201989
411,1,0.505076597563521
412,2,0.501807062792289
413,1,0.504307464930128
414,2,0.504578849768406
415,1,0.507090621624561
416,1,0.502505418821932
417,1,0.501278704726715
418,2,0.503173231987193
419,1,0.509286060377129
420,2,0.501532911707846
421,1,0.500909117012108
422,2,0.505741932929163
423,1,0.505796614148951
424,2,0.501151888213119
425,2,0.502021513888721
426,2,0.50139040381928
427,1,0.507146212733162
428,2,0.503109427364215
429,2,0.508347241916998
430,1,0.501737350085081
431,2,0.503178270600341
432,2,0.506365187027545
433,2,0.505093534434077
434,1,0.502232288896004
435,2,0.504182926322484
436,1,0.505229062918656
437,1,0.50817000727036
438,2,0.506639461804464
439,1,0.500310596688285
440,2,0.50620902535484
441,1,0.50225894965325
442,2,0.50619397432803
443,1,0.507402805282881
444,2,0.501029188588537
445,2,0.502614282299432
446,2,0.504578849768406
447,1,0.501013249302686
448,1,0.501278704726715
449,1,0.503134962772271
450,1,0.502775777165941
451,2,0.505081951971847
452,1,0.506145170280245
453,2,0.504296686092576
454,2,0.500986753640761
455,1,0.502950794502769
456,1,0.507541790344333
457,1,0.504307464930128
458,2,0.504578849768406
459,1,0.50050148046289
460,1,0.502876895942781
461,2,0.503431094886122
462,2,0.504380000648483
463,2,0.503998158166684
464,2,0.503118121427756
465,1,0.50050148046289
467,1,0.507291328639248
468,2,0.500107213432091
469,2,0.504845475579585
470,2,0.500138625536303
471,2,0.504837428846556
472,2,0.503998158166684
473,2,0.503118121427756
474,2,0.503550376685959
475,2,0.508760136146829
476,1,0.505076597563521
477,2,0.507036626744498
478,1,0.501561177422557
479,1,0.508522371203113
480,1,0.501823172311785
481,2,0.507076306884148
482,2,0.507020020047801
483,2,0.50619397432803
484,2,0.503737458961812
485,2,0.503926885205095
487,2,0.503926885205095
488,1,0.501272448944744
489,1,0.508522371203113
490,1,0.501823172311785
491,2,0.504578849768406
492,2,0.506968115168612
493,1,0.506685938783983
494,2,0.500013477859581
496,2,0.503926885205095
497,2,0.507076306884148
498,2,0.504182926322484
499,2,0.502616672971261
500,2,0.501965386682548
501,1,0.505009426068344
502,2,0.504578849768406
503,2,0.508476546481195
504,2,0.503255694358035
505,1,0.501936620890971
506,1,0.509082567775979
507,2,0.507076306884148
508,2,0.507020020047801
510,2,0.503926885205095
511,2,0.506465160434598
512,1,0.504307464930128
513,2,0.504578849768406
514,2,0.500528221153559
515,1,0.506438426994689
516,2,0.501965386682548
517,2,0.508476546481195
518,2,0.503255694358035
519,2,0.501673761043235
520,1,0.501936620890971
521,1,0.503799711754448
522,1,0.502176032599321
523,2,0.504491350478882
524,1,0.507636634179768
525,1,0.503078496074032
526,1,0.507102019528014
527,2,0.505740272059175
528,1,0.500293668628256
529,2,0.503550376685959
530,2,0.501023505551664
531,1,0.509286060377129
532,2,0.508760136146829
533,2,0.502178995912536
534,1,0.505076597563521
536,2,0.503926885205095
538,1,0.503072145387676
539,1,0.50930861303226
540,1,0.505108152969059
541,1,0.502134812286063
542,1,0.507541790344333
543,2,0.50421030991682
544,2,0.504578849768406
545,1,0.50198397443567
546,2,0.500982346737866
547,1,0.504120250145533
548,2,0.502614282299432
549,2,0.503147785974241
550,2,0.503184642143553
551,2,0.505914508388732
552,1,0.501263038665193
553,2,0.503173231987193
554,1,0.509286060377129
555,2,0.504667836650368
556,2,0.50075672673054
557,1,0.500181042094318
558,2,0.50139040381928
559,2,0.505197992785684
560,1,0.500820185858799
561,1,0.509286060377129
562,2,0.501810407764736
563,2,0.501180213405349
564,2,0.502156012754334
565,1,0.506717203117197
566,1,0.500659683849566
567,2,0.501772113649113
568,2,0.504344679775226
569,1,0.509286060377129
570,2,0.50859386807242
571,2,0.50229107270817
572,2,0.505741932929163
573,1,0.501263038665193
574,1,0.507601852732019
575,1,0.508575371375811
576,2,0.50619397432803
577,2,0.503737458961812
578,2,0.503926885205095
580,2,0.503926885205095
581,2,0.50452349023005
582,2,0.507463461961397
583,2,0.502323774322264
584,1,0.508575371375811
585,1,0.500275809931706
586,2,0.505355943265812
587,1,0.500653184590559
588,2,0.50920991147093
589,2,0.502304322677383
590,1,0.50128534092342
591,2,0.509089806619081
592,1,0.508522371203113
593,1,0.501823172311785
594,2,0.504195696927214
595,2,0.502148335897662
596,1,0.500898244708789
597,2,0.50578841717248
598,1,0.503230168391431
599,1,0.501076147955379
601,1,0.507630249683286
602,2,0.507449261124936
603,1,0.506145170280245
604,2,0.500832534925762
605,1,0.500898244708789
606,1,0.500689116570373
608,2,0.503926885205095
609,1,0.507624871459154
610,2,0.504884197294565
611,1,0.500689116570373
612,1,0.505685095304283
613,1,0.503609537896132
614,1,0.501561177422557
615,1,0.508522371203113
616,1,0.501823172311785
617,1,0.504720960094293
618,1,0.503464061609564
619,2,0.508668596341291
620,1,0.508197776027697
621,1,0.508046969427025
622,2,0.500010012901433
624,2,0.503926885205095
625,1,0.503502590085236
626,1,0.50803116664766
627,2,0.505366900372142
628,2,0.505093534434077
629,2,0.503236217594284
630,1,0.505326333169447
631,1,0.503883791401176
632,2,0.506580491830734
633,1,0.503134962772271
634,2,0.50620902535484
635,1,0.505382419769423
636,1,0.503799711754448
637,1,0.504307464930128
638,1,0.508522371203113
639,1,0.500361998200713
640,1,0.504720960094293
641,1,0.504040503499779
642,1,0.508522371203113
643,1,0.501823172311785
644,1,0.503319638358635
645,2,0.502304322677383
646,2,0.504336473435284
647,2,0.500752304424857
648,2,0.501259830696651
649,2,0.503597924890964
650,2,0.502732823627811
651,1,0.503799711754448
652,2,0.502614282299432
653,1,0.504040503499779
654,2,0.50874551131611
655,2,0.506216903665037
656,1,0.502134812286063
657,1,0.508465186140907
658,2,0.505093534434077
659,2,0.502166739885063
660,2,0.502922364681046
661,2,0.500168416989526
662,1,0.504307464930128
663,1,0.508522371203113
664,1,0.501823172311785
665,1,0.506717203117197
666,1,0.504243136422029
667,2,0.502013222815847
668,2,0.501174187320544
669,2,0.508592669149202
671,1,0.500255345945507
672,1,0.502134892742868
673,1,0.507128561476213
674,2,0.504319299074421
675,1,0.500325543077131
676,2,0.505493068946281
677,1,0.501030949710681
678,2,0.503129230246249
679,2,0.500107213432091
680,2,0.500013477859581
681,1,0.502232288896004
682,2,0.50865001711254
684,2,0.503926885205095
685,2,0.501481080667613
686,1,0.503464061609564
687,2,0.502815158717067
688,1,0.508263103241577
689,1,0.503019075772521
690,1,0.507541790344333
691,1,0.507601852732019
693,2,0.503926885205095
694,1,0.500417203701645
695,2,0.50540939779867
696,1,0.502434587842735
697,1,0.504760378817323
698,2,0.502959207049042
699,2,0.500375109516169
700,1,0.505149762810724
701,1,0.507541790344333
702,2,0.50449884203567
703,2,0.508678353203365
704,1,0.501825644505004
705,2,0.501904677261228
706,2,0.504389737884561
707,1,0.501624074331527
708,2,0.501220280463996
709,1,0.501561177422557
710,1,0.508522371203113
711,1,0.500361998200713
712,2,0.507076306884148
713,2,0.507020020047801
714,2,0.504578849768406
715,2,0.505411083809235
716,2,0.506968115168612
717,2,0.502139097613396
718,2,0.502616672971261
719,2,0.501965386682548
720,1,0.505009426068344
721,1,0.504040503499779
722,1,0.508522371203113
723,1,0.501823172311785
724,1,0.503319638358635
725,2,0.501259830696651
726,2,0.502466631718571
727,1,0.504019419080371
728,1,0.50050148046289
729,1,0.505104558413167
730,1,0.5023340368388
731,1,0.508522371203113
732,1,0.500361998200713
733,1,0.504224220250267
734,2,0.503085600620209
735,1,0.504307464930128
736,2,0.507036626744498
737,1,0.508522371203113
738,1,0.501823172311785
739,1,0.506026155926417
740,1,0.506240456598423
741,2,0.501816078815689
742,2,0.507036626744498
743,2,0.501065678137755
744,1,0.50632075281863
745,1,0.50050148046289
746,2,0.500578993161227
747,2,0.501965386682548
748,1,0.503883791401176
749,2,0.505093534434077
750,2,0.508181522927447
751,2,0.503241733768626
752,1,0.501464871440468
753,2,0.500465816776882
754,2,0.50046506923615
755,2,0.500583689083055
756,2,0.501205735099674
757,2,0.502784989013045
758,2,0.503118121427756
759,2,0.501815261030041
760,2,0.507592086546729
761,2,0.503550376685959
762,2,0.502598197196328
763,1,0.50050148046289
764,2,0.500578993161227
765,2,0.501965386682548
766,1,0.503883791401176
767,2,0.505093534434077
768,2,0.508181522927447
769,2,0.503241733768626
770,1,0.501464871440468
771,2,0.500465816776882
772,2,0.50046506923615
773,2,0.500583689083055
774,2,0.501205735099674
775,2,0.502784989013045
776,2,0.503118121427756
777,2,0.501815261030041
778,2,0.507592086546729
779,2,0.503550376685959
780,1,0.505076597563521
781,2,0.507036626744498
782,1,0.504307464930128
783,1,0.508522371203113
784,2,0.502743404365516
785,1,0.503625865570183
786,1,0.503883791401176
787,2,0.5017571223141
788,2,0.507020020047801
789,2,0.500138625536303
790,1,0.502343741385772
791,1,0.501561177422557
792,1,0.508522371203113
793,1,0.500361998200713
794,2,0.502743404365516
795,1,0.503625865570183
796,1,0.503883791401176
797,1,0.500491033061422
798,2,0.507020020047801
799,2,0.506277745770645
800,2,0.500138625536303
801,2,0.505573155822313
802,1,0.500475741849273
803,1,0.504324537242843
804,2,0.500788152499348
805,2,0.503998158166684
806,2,0.503118121427756
807,1,0.50803116664766
808,2,0.501282721288128
809,2,0.508355754071683
810,2,0.502156012754334
811,1,0.502166692720325
812,2,0.508527654849105
813,1,0.50792416694875
814,2,0.50619397432803
815,2,0.503508297864277
816,2,0.501029188588537
817,1,0.50244066239887
818,2,0.50046506923615
819,2,0.501815261030041
820,2,0.507592086546729
821,2,0.505989033903225
822,1,0.504564878710902
823,2,0.501094837895989
824,2,0.500389999282725
825,2,0.508819376654947
826,2,0.501660153987619
827,2,0.501956574448469
828,1,0.507895896588021
829,2,0.502732823627811
830,2,0.502614282299432
831,2,0.505964661472254
832,2,0.500689454150495
833,1,0.506850758195952
834,1,0.503055831650876
835,2,0.505340521148061
836,2,0.503875076726863
837,1,0.500660520770863
838,1,0.506898293919822
839,2,0.509271421783722
840,1,0.503041722267819
841,2,0.508774655420301
842,1,0.50737430342352
843,2,0.508353746282023
844,2,0.500906774493988
845,2,0.502614282299432
846,2,0.507521066080113
847,1,0.502176032599321
848,2,0.501533696698885
849,2,0.50180119338733
850,2,0.502720639017986
852,2,0.503666060245894
853,1,0.506120953927682
854,2,0.501772113649113
856,1,0.502166692720325
857,2,0.508527654849105
858,1,0.50792416694875
859,2,0.50514308595858
860,2,0.502156012754334
861,2,0.503335029382827
862,2,0.501259830696651
863,1,0.501608455717839
864,2,0.504956102341345
865,1,0.509304043635429
866,1,0.501314064690603
867,1,0.50128534092342
868,2,0.502732823627811
869,1,0.503799711754448
870,1,0.500425059136212
871,1,0.500024932002417
872,2,0.507874576359723
873,2,0.503489308887551
874,2,0.508837572290753
875,2,0.505340521148061
876,2,0.501252686966459
877,1,0.508455976498553
878,2,0.501065482183427
879,1,0.505108152969059
880,1,0.502426965974715
881,2,0.503088124388431
882,1,0.501396903162026
883,2,0.501815261030041
884,2,0.507592086546729
885,2,0.502732823627811
886,1,0.503799711754448
887,2,0.505964661472254
888,2,0.500650580682619
889,2,0.50180119338733
890,1,0.50186125243887
891,1,0.504288034922813
892,2,0.506994520172322
893,2,0.502732823627811
894,1,0.503799711754448
895,2,0.501815261030041
896,2,0.507592086546729
897,1,0.50048531940009
898,2,0.501200994184298
899,2,0.502322067581725
900,1,0.506753394274322
901,2,0.50180119338733
902,2,0.502727085390419
903,1,0.503799711754448
904,1,0.50186125243887
905,2,0.503128123446074
906,2,0.501762569083714
907,1,0.504307464930128
908,1,0.508522371203113
909,1,0.501823172311785
910,1,0.507161940298561
911,2,0.502616672971261
912,2,0.501965386682548
913,1,0.503883791401176
915,2,0.500465816776882
916,2,0.50046506923615
917,2,0.501094837895989
918,2,0.502784989013045
919,1,0.503016620993107
920,2,0.501815261030041
921,2,0.507592086546729
922,2,0.504336473435284
923,1,0.502769029526642
924,1,0.501823172311785
925,1,0.503271396846059
926,1,0.504991305012166
927,2,0.501088539251987
928,2,0.508616202206092
929,1,0.506382387395162
931,2,0.503335029382827
932,2,0.501259830696651
933,1,0.501561177422557
934,1,0.50491680205238
935,1,0.501936620890971
936,1,0.500492985347221
937,2,0.500424844491774
938,2,0.501653404977681
939,1,0.503230168391431
940,1,0.502037765612925
941,1,0.500657015482214
942,1,0.508492187365488
943,2,0.500141124598902
944,2,0.504137220752749
945,2,0.502609585715399
946,2,0.500763776223167
947,1,0.50217990567219
948,1,0.502663107939019
949,1,0.508465186140907
950,2,0.504336473435284
951,1,0.502769029526642
952,1,0.500361998200713
953,1,0.503271396846059
954,1,0.504991305012166
955,2,0.501088539251987
956,1,0.502769029526642
957,1,0.503225287885776
958,1,0.501491280648225
959,2,0.502304322677383
960,2,0.508616202206092
961,1,0.506382387395162
963,2,0.503335029382827
964,2,0.501259830696651
965,2,0.506005707758035
966,2,0.506994520172322
967,1,0.502176032599321
968,1,0.506958822729772
969,2,0.501772113649113
970,1,0.501414434037306
971,1,0.507983433819954
972,2,0.501810407764736
973,1,0.505877559031396
974,2,0.503998158166684
975,1,0.504564878710902
976,2,0.504681144678408
977,1,0.506688660759901
978,2,0.504578849768406
979,2,0.500128981656717
980,1,0.505009426068344
981,1,0.50050148046289
982,2,0.508476546481195
983,2,0.503255694358035
984,1,0.501936620890971
985,2,0.505340521148061
986,1,0.503799711754448
987,1,0.503427590337517
988,1,0.501430708075035
989,2,0.503173231987193
990,1,0.505621077665803
991,2,0.502178995912536
992,2,0.503335029382827
993,2,0.501259830696651
994,2,0.501214657281904
995,2,0.505093534434077
996,1,0.506133770780933
997,1,0.5023340368388
998,1,0.503883791401176
999,2,0.505093534434077
1000,1,0.502176032599321
1001,1,0.501385222228109
1002,2,0.507020020047801
1003,2,0.505160736694503
1004,1,0.502831875934134
1005,1,0.50792416694875
1006,2,0.503550376685959
1007,1,0.502045957845515
1008,1,0.509286060377129
1009,2,0.508760136146829
1010,2,0.502178995912536
1011,2,0.503335029382827
1012,2,0.501259830696651
1013,1,0.504307464930128
1014,1,0.508522371203113
1015,1,0.500361998200713
1016,1,0.507161940298561
1017,2,0.502616672971261
1018,2,0.501965386682548
1019,1,0.503883791401176
1021,2,0.500465816776882
1022,2,0.50046506923615
1023,2,0.501094837895989
1024,2,0.502784989013045
1025,1,0.503016620993107
1026,2,0.501815261030041
1027,2,0.507592086546729
1029,2,0.503926885205095
1030,1,0.501272448944744
1031,2,0.50075672673054
1032,1,0.503030859792715
1033,1,0.503936804705074
1034,2,0.502739686775058
1035,1,0.500801936887234
1036,1,0.503882388385609
1037,2,0.505081951971847
1038,2,0.504392599185951
1039,1,0.50339408994218
1040,1,0.503936804705074
1041,1,0.507541790344333
1042,1,0.504307464930128
1043,1,0.508522371203113
1044,1,0.501823172311785
1045,2,0.503764830960261
1047,2,0.500752304424857
1048,2,0.502636446967417
1049,2,0.506356073789818
1050,1,0.504222920182568
1051,1,0.500820185858799
1052,1,0.509286060377129
1053,2,0.50031140906325
1054,2,0.501259830696651
1055,2,0.502565315486554
1056,2,0.502247580373663
1057,1,0.507601852732019
1058,1,0.500966667931221
1060,2,0.503926885205095
1061,2,0.503639623535394
1062,2,0.500948119253174
1063,2,0.502044826659487
1064,2,0.500763776223167
1065,2,0.505810103872748
1066,1,0.506428492222025
1067,2,0.506458637135795
1068,1,0.501596686896931
1069,2,0.500867118381655
1071,2,0.503755029080484
1072,2,0.500190952363139
1073,2,0.501090397276954
1074,2,0.503763005664516
1075,2,0.501739020354953
1076,1,0.503473429513327
1077,2,0.507770534041733
1078,1,0.502681494590233
1079,1,0.509286060377129
1080,1,0.501949296299447
1081,2,0.501555293266406
1082,1,0.500635499603927
1083,2,0.500580868524884
1084,2,0.508025793028768
1085,1,0.501561177422557
1086,1,0.508522371203113
1087,1,0.501823172311785
1088,1,0.50050148046289
1089,1,0.506395410075257
1090,2,0.507076306884148
1091,2,0.506968115168612
1092,1,0.503319638358635
1093,1,0.505466603984417
1094,1,0.505076597563521
1095,2,0.509089806619081
1096,1,0.508522371203113
1097,1,0.500361998200713
1098,2,0.504195696927214
1099,2,0.502148335897662
1100,1,0.500898244708789
1101,2,0.50578841717248
1102,1,0.503230168391431
1103,1,0.501076147955379
1105,1,0.507630249683286
1106,2,0.507449261124936
1107,1,0.506145170280245
1108,2,0.500832534925762
1109,1,0.500898244708789
1110,1,0.500689116570373
1112,2,0.503926885205095
1113,1,0.507624871459154
1114,2,0.504884197294565
1115,1,0.500689116570373
1116,1,0.505685095304283
1117,1,0.503609537896132
1118,1,0.508522371203113
1119,1,0.501823172311785
1120,1,0.500262918085435
1121,2,0.501259830696651
1122,1,0.503936804705074
1123,2,0.505524104010471
1124,2,0.504649264729058
1125,1,0.509082567775979
1126,1,0.500170184186179
1127,1,0.507041101511139
1128,2,0.501772113649113
1129,2,0.504803893566978
1130,2,0.503114197319343
1131,2,0.500689454150495
1132,2,0.500105757925467
1133,1,0.505163194439362
1134,1,0.5049336261425
1135,2,0.501375111861348
1136,1,0.507541790344333
1138,2,0.503926885205095
1139,1,0.500822322744133
1140,2,0.504738298553777
1141,1,0.504040503499779
1142,1,0.507985774936557
1143,1,0.507793590390997
1144,2,0.50874551131611
1145,1,0.502503069819967
1146,1,0.500226522213885
1147,1,0.507985774936557
1148,2,0.502609585715399
1149,2,0.501968192427973
1150,2,0.503737458961812
1151,1,0.502176032599321
1152,2,0.502802748889076
1153,2,0.501660153987619
1154,2,0.50217400966236
1155,2,0.502247580373663
1156,2,0.504738298553777
1157,1,0.506688660759901
1158,2,0.508001135981217
1159,2,0.509159167709572
1160,2,0.503550376685959
1161,1,0.508436625825018
1162,2,0.506994520172322
1163,2,0.502732823627811
1164,1,0.503799711754448
1165,2,0.503998158166684
1166,2,0.501815261030041
1167,2,0.507592086546729
1168,2,0.50075672673054
1169,2,0.501180213405349
1170,2,0.500293273979174
1171,2,0.505081951971847
1172,2,0.506788122518639
1173,2,0.503335029382827
1174,2,0.501772113649113
1175,2,0.501810407764736
1176,1,0.507146212733162
1177,2,0.50377813491972
1178,2,0.504295407967802
1179,1,0.501323430097652
1180,1,0.500381830167952
1181,2,0.502156012754334
1182,2,0.503335029382827
1183,2,0.501259830696651
1184,1,0.500538941775433
1186,2,0.503926885205095
1187,2,0.506139847848961
1188,1,0.501722612125412
1189,1,0.503267073216571
1190,2,0.502720639017986
1191,2,0.50619397432803
1192,1,0.500281819333222
1193,2,0.506522346234163
1194,2,0.505608802745859
1195,1,0.502373759961399
1196,2,0.507656789927771
1197,2,0.502352491095047
1198,2,0.505821877594557
1199,1,0.508883609513728
1200,2,0.502156012754334
1201,1,0.504445851583387
1202,1,0.50050148046289
1203,1,0.50033299468592
1204,2,0.500752809247332
1205,2,0.502466631718571
1206,1,0.508522371203113
1207,1,0.500361998200713
1208,1,0.50050148046289
1209,1,0.506395410075257
1210,2,0.507076306884148
1211,2,0.506968115168612
1212,1,0.503319638358635
1213,1,0.505466603984417
1214,1,0.505076597563521
1216,2,0.503926885205095
1217,2,0.500501075671861
1218,2,0.500358543114156
1219,1,0.500417203701645
1220,1,0.501154699406334
1221,2,0.50356077663611
1222,2,0.501772113649113
1223,2,0.501810407764736
1224,2,0.503088124388431
1225,2,0.503335029382827
1226,2,0.50069920201989
1227,2,0.50335103807657
1228,1,0.504259374817214
1229,2,0.501508467409471
1230,2,0.509342296784448
1231,1,0.501845245104451
1233,2,0.503926885205095
1234,2,0.501942419982315
1235,2,0.504987461371106
1236,1,0.506716362747183
1237,2,0.501772113649113
1238,2,0.50874551131611
1239,2,0.50377813491972
1240,2,0.500316370031583
1241,1,0.506717203117197
1242,2,0.500277625960872
1243,1,0.503799711754448
1245,2,0.503926885205095
1246,2,0.504295407967802
1247,1,0.508436625825018
1248,2,0.506994520172322
1249,2,0.502732823627811
1250,1,0.503799711754448
1251,2,0.503998158166684
1252,2,0.501815261030041
1253,2,0.507592086546729
1254,1,0.501396903162026
1255,1,0.501323430097652
1256,1,0.505175449459107
1257,2,0.502614282299432
1258,2,0.503998158166684
1259,2,0.501815261030041
1260,2,0.507592086546729
1261,1,0.500381830167952
1262,1,0.505175449459107
1263,2,0.505493068946281
1264,2,0.503335029382827
1265,2,0.501259830696651
1266,2,0.503998158166684
1267,2,0.501815261030041
1268,2,0.507592086546729
1270,2,0.503926885205095
1271,2,0.501942419982315
1272,1,0.502297549349171
1273,1,0.506345127858181
1274,2,0.500631205233952
1275,2,0.504315199121399
1276,1,0.500838589019343
1277,2,0.501772113649113
1278,2,0.502926420580453
1279,2,0.503088124388431
1280,2,0.503335029382827
1281,2,0.509295993923107
1282,1,0.503016620993107
1284,1,0.504584478706227
1285,1,0.500215914788201
1286,2,0.509289281067772
1287,1,0.503920457001675
1288,2,0.504336473435284
1289,1,0.502769029526642
1290,2,0.500150867707917
1291,1,0.504224220250267
1292,2,0.503085600620209
1293,1,0.505104558413167
1294,1,0.5023340368388
1295,1,0.503883791401176
1296,1,0.502022774705991
1297,1,0.502033281267194
1298,1,0.506057291445508
1299,1,0.501404335064655
1300,1,0.501556463109615
1301,2,0.501617947198775
1302,1,0.500425059136212
1303,2,0.500345378687038
1304,2,0.501338287327448
1305,2,0.501530783845663
1306,2,0.501434299076746
1307,2,0.500583689083055
1308,2,0.501252577016553
1309,1,0.501398840694754
1310,1,0.500425059136212
1311,2,0.501094837895989
1312,2,0.501205735099674
1313,2,0.502423351407719
1314,1,0.501223267497239
1315,1,0.500466865268443
1316,2,0.507294766901883
1317,1,0.504338522143019
1318,2,0.508159590117718
1319,1,0.506395519526144
1320,1,0.505268650767336
1321,2,0.506885834474958
1322,2,0.503118121427756
1323,1,0.501561177422557
1324,1,0.508522371203113
1325,1,0.501823172311785
1326,1,0.50050148046289
1327,1,0.506395410075257
1328,2,0.507076306884148
1329,2,0.506968115168612
1330,1,0.503319638358635
1331,1,0.505466603984417
1332,1,0.505076597563521
1333,2,0.506005707758035
1335,1,0.500926522918265
1337,2,0.503926885205095
1338,2,0.501772113649113
1339,2,0.505493068946281
1340,2,0.503335029382827
1341,2,0.500763776223167
1342,1,0.508652021025918
1343,2,0.502247580373663
1344,2,0.503316002688855
1345,2,0.501657765995585
1346,1,0.504986955605221
1348,2,0.503998158166684
1349,2,0.503118121427756
1350,1,0.504307464930128
1351,1,0.508522371203113
1352,1,0.501823172311785
1353,1,0.50050148046289
1354,2,0.504327888619382
1355,2,0.508723516498953
1357,1,0.500255345945507
1358,1,0.508465186140907
1359,2,0.505093534434077
1360,2,0.501615247538761
1362,2,0.503926885205095
1363,2,0.504327888619382
1364,2,0.50619397432803
1365,1,0.508713772606601
1366,1,0.508829123417901
1367,1,0.500188528033718
1369,2,0.503926885205095
1370,2,0.500501075671861
1371,1,0.501263038665193
1372,2,0.502732823627811
1373,1,0.503799711754448
1374,2,0.502614282299432
1375,2,0.506994520172322
1376,2,0.502732823627811
1377,1,0.503799711754448
1378,2,0.503998158166684
1379,2,0.501815261030041
1380,2,0.507592086546729
1382,2,0.503926885205095
1383,2,0.500316370031583
1384,1,0.506717203117197
1385,2,0.500277625960872
1386,1,0.503799711754448
1388,2,0.503926885205095
1389,1,0.505175449459107
1390,2,0.502614282299432
1391,2,0.503998158166684
1392,2,0.501815261030041
1393,2,0.507592086546729
1394,2,0.507154057181166
1395,2,0.502156012754334
1396,2,0.503335029382827
1397,2,0.501259830696651
1398,2,0.509159167709572
1399,2,0.503550376685959
1400,1,0.503271396846059
1401,1,0.504991305012166
1402,2,0.501088539251987
1403,1,0.501430708075035
1404,1,0.502045957845515
1405,2,0.500698485532035
1406,2,0.503088124388431
1407,2,0.503335029382827
1408,1,0.500325543077131
1409,2,0.503088124388431
1410,2,0.501259830696651
1411,1,0.506252808334034
1412,2,0.502178995912536
1413,1,0.507470441671628
1414,2,0.503088124388431
1415,2,0.503335029382827
1416,2,0.500465816776882
1417,1,0.501430708075035
1418,1,0.502045957845515
1419,1,0.505621077665803
1420,2,0.503335029382827
1421,2,0.502565315486554
1422,2,0.502247580373663
1423,1,0.500214996114903
1424,2,0.504315199121399
1425,1,0.500838589019343
1426,2,0.500035091204081
1427,2,0.503316002688855
1428,1,0.504307464930128
1429,1,0.508522371203113
1430,1,0.500361998200713
1431,1,0.50050148046289
1432,2,0.504327888619382
1433,2,0.508723516498953
1435,1,0.500255345945507
1436,1,0.508465186140907
1437,2,0.505093534434077
1438,2,0.501615247538761
1440,2,0.503926885205095
1441,2,0.504327888619382
1442,2,0.50619397432803
1443,1,0.508713772606601
1444,1,0.508829123417901
1445,1,0.500188528033718
1446,1,0.508465186140907
1448,2,0.503926885205095
1449,2,0.505524104010471
1450,1,0.504932664468248
1451,1,0.501823172311785
1452,2,0.501160081707997
1453,2,0.508527654849105
1454,2,0.502614282299432
1455,1,0.500034546992219
1456,1,0.506623182658152
1457,1,0.508465186140907
1458,2,0.504681144678408
1459,1,0.506909157865651
1460,1,0.500816806386103
1461,1,0.507468417012973
1462,2,0.506299461652553
1463,2,0.501214657281904
1464,1,0.50050148046289
1465,1,0.500745362504253
1466,1,0.503271396846059
1467,2,0.503173231987193
1468,1,0.505621077665803
1469,2,0.503335029382827
1470,2,0.501807062792289
1471,1,0.505394357125983
1472,1,0.503883791401176
1473,1,0.501870022564371
1474,1,0.506685938783983
1476,2,0.503926885205095
1477,1,0.502861830124913
1478,2,0.501692753011931
1480,2,0.503926885205095
1481,2,0.500501075671861
1483,2,0.500316370031583
1484,1,0.501239188669686
1485,2,0.500560305323517
1486,1,0.506438426994689
1487,2,0.501772113649113
1488,2,0.501810407764736
1489,2,0.505914508388732
1490,2,0.509295993923107
1491,1,0.503016620993107
1492,1,0.501936620890971
1494,1,0.504584478706227
1495,1,0.506685938783983
1496,1,0.507541790344333
1498,2,0.503926885205095
1499,1,0.500822322744133
1500,2,0.500852120402464
1501,2,0.508527654849105
1502,2,0.501772113649113
1503,2,0.501810407764736
1504,2,0.502156012754334
1505,2,0.503335029382827
1506,1,0.507970226322467
1507,1,0.503042242491416
1508,2,0.502815158717067
1509,2,0.502209324920932
1510,1,0.502257483101905
1511,2,0.50620902535484
1512,1,0.506252808334034
1513,2,0.501180213405349
1514,1,0.502590198797141
1515,1,0.509082567775979
1516,1,0.503030859792715
1517,2,0.501454962489053
1518,2,0.50139040381928
1519,1,0.500820185858799
1520,1,0.509286060377129
1521,2,0.504083268942289
1522,2,0.503088124388431
1523,2,0.503335029382827
1524,1,0.506685938783983
1525,1,0.508465186140907
1526,2,0.505093534434077
1527,1,0.50817000727036
1528,1,0.507541790344333
1529,2,0.502598197196328
1530,2,0.503550376685959
1531,1,0.506717203117197
1532,1,0.504243136422029
1533,2,0.502013222815847
1534,2,0.501174187320544
1535,2,0.508592669149202
1537,1,0.500255345945507
1538,1,0.502134892742868
1539,1,0.507128561476213
1540,2,0.504319299074421
1541,1,0.501430708075035
1542,2,0.506091859645189
1543,2,0.503173231987193
1544,1,0.505621077665803
1545,2,0.503335029382827
1546,2,0.501807062792289
1547,2,0.509159167709572
1548,2,0.503550376685959
1549,1,0.501936620890971
1550,1,0.500492985347221
1551,2,0.500424844491774
1552,1,0.501430708075035
1553,1,0.502045957845515
1554,1,0.505621077665803
1555,2,0.503335029382827
1556,2,0.500465816776882
1557,2,0.503550376685959
1558,1,0.501936620890971
1559,1,0.500492985347221
1560,2,0.500424844491774
1561,2,0.509159167709572
1562,1,0.501430708075035
1563,1,0.502045957845515
1564,1,0.505621077665803
1565,2,0.503335029382827
1566,2,0.500465816776882
1568,2,0.503926885205095
1569,1,0.501272448944744
1570,1,0.507887324316176
1571,1,0.503055831650876
1572,1,0.501202908679468
1573,2,0.502739686775058
1574,1,0.501178632026779
1575,2,0.506522346234163
1576,2,0.500263145445545
1577,2,0.502178995912536
1578,2,0.50619397432803
1579,2,0.502507556425538
1580,2,0.502410967812974
1581,1,0.50217990567219
1582,2,0.503335029382827
1583,2,0.502732823627811
1584,1,0.504884451980958
1585,1,0.507185443566718
1586,2,0.503570553732494
1587,1,0.504308969182056
1588,1,0.508465186140907
1589,1,0.507719256385243
1590,2,0.503042489984343
1591,1,0.502305159557217
1592,1,0.504307464930128
1593,2,0.504578849768406
1594,2,0.505112970494581
1595,1,0.504991305012166
1596,2,0.501088539251987
1597,1,0.501430708075035
1598,1,0.502045957845515
1599,2,0.500698485532035
1600,2,0.503335029382827
1601,1,0.500325543077131
1602,2,0.503088124388431
1603,2,0.503335029382827
1604,2,0.502598197196328
1605,2,0.503550376685959
1606,1,0.504224220250267
1607,2,0.503085600620209
1608,2,0.505093534434077
1609,2,0.501615247538761
1610,1,0.501430708075035
1611,1,0.502045957845515
1612,1,0.505621077665803
1613,2,0.502156012754334
1614,2,0.503335029382827
1615,2,0.501259830696651
1616,2,0.501807062792289
1617,1,0.505326333169447
1618,1,0.503883791401176
1619,1,0.502022774705991
1620,2,0.504336473435284
1621,2,0.500752304424857
1622,2,0.503335029382827
1623,2,0.503597924890964
1624,2,0.502732823627811
1625,1,0.503799711754448
1626,2,0.502614282299432
1627,1,0.504040503499779
1628,2,0.50874551131611
1629,2,0.506216903665037
1630,1,0.502134812286063
1631,1,0.508465186140907
1632,2,0.505093534434077
1633,2,0.502166739885063
1634,2,0.502922364681046
1635,2,0.500168416989526
1636,2,0.502598197196328
1637,2,0.503550376685959
1638,2,0.504327888619382
1639,1,0.500188528033718
1640,1,0.503883791401176
1641,2,0.506720879850346
1642,2,0.50619397432803
1643,1,0.508713772606601
1644,1,0.508829123417901
1645,1,0.503640743019811
1646,2,0.502598197196328
1647,1,0.508465186140907
1648,2,0.505093534434077
1649,2,0.501615247538761
1651,2,0.503926885205095
1652,2,0.503550376685959
1653,2,0.503335029382827
1654,2,0.509159167709572
1655,2,0.503550376685959
1656,2,0.503764830960261
1657,2,0.500138625536303
1658,1,0.500781674145519
1659,1,0.501430708075035
1660,1,0.502045957845515
1661,2,0.506399792134103
1662,1,0.501278704726715
1663,1,0.507461004194005
1665,2,0.503926885205095
1666,1,0.502722560679776
1667,2,0.503088124388431
1668,2,0.507036626744498
1669,1,0.507461004194005
1670,1,0.504695982189651
1671,1,0.50226488774993
1672,1,0.502503069819967
1673,2,0.502019976004757
1674,2,0.503764830960261
1675,2,0.500138625536303
1676,1,0.500781674145519
1677,1,0.501430708075035
1678,1,0.502045957845515
1679,2,0.506399792134103
1680,1,0.501278704726715
1681,2,0.50069920201989
1682,1,0.506064190041845
1683,1,0.504040503499779
1684,2,0.500322559034329
1685,1,0.503041722267819
1686,1,0.500103408235866
1687,2,0.501029188588537
1688,1,0.504987223693095
1689,1,0.503989930676462
1690,2,0.503692148615134
1691,1,0.508685986509157
1692,2,0.504283325590022
1693,2,0.505582685951415
1694,1,0.506025682638797
1695,1,0.506711805940077
1696,1,0.503930244018408
1697,2,0.502046665437154
1698,1,0.500586259758612
1699,1,0.501962575596641
1700,2,0.502911656127572
1701,1,0.504307464930128
1702,2,0.504578849768406
1703,1,0.506395410075257
1704,2,0.507076306884148
1705,1,0.503883791401176
1706,1,0.502022774705991
1707,2,0.501533319195728
1708,2,0.502636446967417
1709,1,0.506322946865077
1710,2,0.507810335265095
1711,1,0.506685938783983
1712,1,0.504002689265982
1713,1,0.502590198797141
1714,1,0.509082567775979
1715,2,0.506005707758035
1716,2,0.503088124388431
1717,1,0.503030859792715
1718,1,0.502501972803992
1719,2,0.501454962489053
1720,2,0.50139040381928
1721,1,0.500382212050162
1722,1,0.509286060377129
1723,2,0.504083268942289
1724,1,0.506685938783983
1725,1,0.508465186140907
1726,2,0.505093534434077
1727,1,0.50817000727036
1728,1,0.507541790344333
1729,1,0.506688660759901
1730,2,0.504738298553777
1731,1,0.507850805685003
1732,2,0.508347241916998
1733,2,0.505937165497576
1734,2,0.503998158166684
1735,2,0.503118121427756
1736,1,0.506267709809956
1738,2,0.501557420910945
1739,2,0.508006057796543
1740,2,0.50738696775231
1741,1,0.504394637217134
1742,1,0.504973043505846
1743,2,0.506365187027545
1744,1,0.504282668976693
1745,1,0.501962575596641
1746,1,0.505785650763962
1747,2,0.503118121427756
1748,2,0.50874551131611
1749,2,0.508347241916998
1750,2,0.502046295264928
1751,1,0.501131571651015
1752,1,0.508394606028662
1753,1,0.501906534056222
1754,1,0.5045118400852
1755,1,0.502944021777701
1756,1,0.504307464930128
1757,1,0.508522371203113
1758,1,0.501823172311785
1759,2,0.504195696927214
1760,2,0.502093308426368
1761,2,0.502827920029156
1762,2,0.501608727469552
1763,2,0.504578849768406
1764,2,0.505142227475561
1765,2,0.502245226602294
1766,2,0.508537371373738
1767,2,0.502368533152322
1768,2,0.507582535151947
1769,2,0.505322046677101
1770,2,0.504640001509109
1771,2,0.502570844985721
1772,1,0.501561177422557
1773,1,0.50491680205238
1774,1,0.50187313229202
1775,2,0.501553329415055
1776,1,0.505466603984417
1777,2,0.501259830696651
1778,1,0.501464871440468
1779,1,0.503534988295623
1780,1,0.508465186140907
1781,1,0.506685938783983
1782,1,0.501561177422557
1783,1,0.50491680205238
1784,1,0.500594239125108
1785,2,0.501553329415055
1786,1,0.505466603984417
1787,2,0.501259830696651
1788,1,0.501464871440468
1789,1,0.503534988295623
1790,1,0.508465186140907
1791,1,0.506685938783983
1792,2,0.506863656337427
1793,1,0.501381305062161
1794,2,0.504578849768406
1795,1,0.508155171327862
1796,1,0.503883791401176
1797,2,0.501434299076746
1798,1,0.503883791401176
1799,1,0.501314064690603
1800,2,0.501434299076746
1801,2,0.501325096478666
1802,2,0.502156012754334
1803,2,0.500521415067188
1804,1,0.504307464930128
1805,2,0.504578849768406
1806,2,0.506968115168612
1807,2,0.500013477859581
1808,2,0.507076306884148
1809,1,0.501430708075035
1810,1,0.502045957845515
1811,1,0.505621077665803
1812,2,0.502156012754334
1813,1,0.506064190041845
1814,2,0.503335029382827
1815,2,0.50139040381928
1816,1,0.504307464930128
1817,2,0.504578849768406
1818,1,0.507161940298561
1819,2,0.502616672971261
1820,2,0.501965386682548
1821,1,0.503883791401176
1822,2,0.500465816776882
1823,2,0.50046506923615
1824,2,0.501094837895989
1825,2,0.502784989013045
1826,1,0.503016620993107
1827,2,0.501815261030041
1828,2,0.507592086546729
1829,2,0.503550376685959
1830,1,0.502045957845515
1831,1,0.509286060377129
1832,2,0.508760136146829
1833,1,0.506064190041845
1834,1,0.504307464930128
1835,1,0.508522371203113
1836,1,0.501823172311785
1837,1,0.503147361038444
1838,1,0.501936620890971
1839,2,0.501350540886896
1840,1,0.502831875934134
1841,2,0.508723516498953
1843,2,0.50126871010906
1844,2,0.501968192427973
1845,2,0.502021513888721
1846,1,0.502176032599321
1847,2,0.503012520208524
1848,1,0.500417203701645
1849,1,0.506345127858181
1850,1,0.504135607248704
1851,2,0.502732823627811
1852,2,0.500293273979174
1853,1,0.503464061609564
1854,2,0.503296927273972
1855,1,0.503901793012587
1856,1,0.501722612125412
1857,2,0.502178995912536
1858,2,0.500810130222369
1859,1,0.501561177422557
1860,1,0.50491680205238
1861,1,0.500594239125108
1862,2,0.501553329415055
1863,1,0.505466603984417
1864,2,0.503335029382827
1865,1,0.501464871440468
1866,1,0.503534988295623
1867,1,0.508465186140907
1868,1,0.506685938783983
1869,1,0.501561177422557
1870,2,0.503550376685959
1871,2,0.503096178729883
1872,1,0.50491680205238
1873,1,0.50187313229202
1874,2,0.504567572239374
1875,1,0.500151280180891
1876,1,0.500492985347221
1877,2,0.505119309154304
1878,1,0.50491680205238
1879,1,0.500594239125108
1880,2,0.501816078815689
1881,1,0.500610425273041
1882,2,0.501065678137755
1883,2,0.503088124388431
1884,1,0.506064190041845
1885,2,0.502929646437185
1886,1,0.50491680205238
1887,1,0.50187313229202
1888,2,0.504567572239374
1889,1,0.500151280180891
1890,1,0.500492985347221
1891,2,0.505119309154304
1892,1,0.50491680205238
1893,1,0.500594239125108
1894,2,0.501816078815689
1895,1,0.500610425273041
1896,2,0.501065678137755
1897,2,0.503088124388431
1898,1,0.506064190041845
1899,2,0.501065678137755
1900,1,0.50491680205238
1901,2,0.504567572239374
1902,1,0.500151280180891
1903,1,0.500492985347221
1904,2,0.505119309154304
1905,1,0.501464871440468
1906,1,0.507161940298561
1907,2,0.504023711610485
1908,1,0.508465186140907
1909,2,0.505093534434077
1910,2,0.501499561283678
1911,1,0.504307464930128
1912,2,0.504578849768406
1913,1,0.50050148046289
1914,1,0.500745362504253
1915,1,0.503271396846059
1916,2,0.503173231987193
1917,1,0.505621077665803
1918,2,0.502156012754334
1919,1,0.506064190041845
1920,2,0.503335029382827
1921,2,0.501807062792289
1922,1,0.504320499195582
1923,1,0.501907457618972
1924,1,0.508623578443842
1925,2,0.500836794812238
1926,2,0.500322559034329
1927,1,0.502893636832116
1928,1,0.505877559031396
1929,2,0.503998158166684
1930,2,0.50046506923615
1931,2,0.500161906222573
1932,2,0.506788122518639
1933,1,0.504741849956189
1934,2,0.503088124388431
1935,2,0.50126871010906
1936,2,0.501296772724464
1938,2,0.501086112219803
1939,2,0.50047603132842
1940,2,0.506701110382294
1941,2,0.502911656127572
1942,2,0.50619397432803
1943,2,0.500501075671861
1944,2,0.502410967812974
1945,1,0.50217990567219
1946,1,0.506064190041845
1947,2,0.502732823627811
1948,1,0.504884451980958
1949,1,0.507185443566718
1950,2,0.503570553732494
1951,1,0.504308969182056
1952,1,0.508465186140907
1953,1,0.507719256385243
1954,2,0.503042489984343
1955,1,0.502305159557217
1956,2,0.506882773877309
1958,2,0.503926885205095
1959,2,0.503550376685959
1960,2,0.509159167709572
1961,1,0.506064190041845
1962,2,0.500846274073992
1963,2,0.508476546481195
1964,2,0.503255694358035
1965,1,0.505037302695975
1966,2,0.503488663854803
1967,2,0.503088124388431
1968,2,0.502006079963522
1969,2,0.507463461961397
1970,2,0.501065678137755
1971,1,0.50491680205238
1972,2,0.502743404365516
1973,1,0.503625865570183
1974,1,0.503883791401176
1975,2,0.5017571223141
1976,2,0.507020020047801
1977,2,0.500138625536303
1978,1,0.502343741385772
1980,2,0.503926885205095
1981,2,0.500501075671861
1982,2,0.500316370031583
1983,1,0.501239188669686
1984,2,0.500560305323517
1985,1,0.506438426994689
1986,2,0.501772113649113
1987,2,0.501810407764736
1988,2,0.505914508388732
1989,2,0.509295993923107
1990,1,0.503016620993107
1991,1,0.501936620890971
1993,1,0.504584478706227
1994,1,0.506685938783983
1995,1,0.507541790344333
1997,2,0.503926885205095
1998,1,0.500854896160952
1999,1,0.502876895942781
2000,1,0.501936620890971
2001,1,0.500492985347221
2002,2,0.500424844491774
2003,1,0.501430708075035
2004,1,0.502045957845515
2005,1,0.505621077665803
2006,1,0.506064190041845
2007,2,0.500465816776882
2008,2,0.507076306884148
2009,2,0.507945582080341
2010,1,0.505037276320363
2011,2,0.501772113649113
2012,2,0.501810407764736
2013,2,0.503998158166684
2014,2,0.50046506923615
2015,2,0.502958438767426
2016,1,0.501385222228109
2017,2,0.506035293758216
2018,2,0.503035286680607
2019,2,0.507463461961397
2020,1,0.502655336405753
2021,1,0.502426965974715
2022,2,0.503088124388431
2023,1,0.508685986509157
2024,1,0.501561177422557
2025,1,0.50491680205238
2026,1,0.50187313229202
2027,2,0.501553329415055
2028,1,0.505466603984417
2029,2,0.503335029382827
2030,1,0.501464871440468
2031,1,0.503534988295623
2032,1,0.508465186140907
2033,1,0.506685938783983
2034,1,0.508522371203113
2035,1,0.501823172311785
2036,1,0.500262918085435
2037,1,0.509286060377129
2038,1,0.504307464930128
2039,2,0.503335029382827
2040,2,0.502598197196328
2041,2,0.503550376685959
2042,1,0.503042242491416
2043,1,0.501936620890971
2044,1,0.503286111902446
2045,2,0.503550376685959
2046,1,0.503134962772271
2047,1,0.506064190041845
2048,1,0.501430708075035
2049,2,0.503173231987193
2050,1,0.502537828772112
2051,2,0.500183328620307
2052,2,0.504845475579585
2053,2,0.50155866268324
2054,1,0.503042242491416
2055,1,0.500744021135879
2056,2,0.502815158717067
2057,1,0.501013249302686
2058,2,0.508880924024185
2059,2,0.505524104010471
2060,1,0.502297549349171
2061,2,0.508740087903472
2062,2,0.501434299076746
2063,1,0.505221388977537
2064,1,0.50800689696712
2065,2,0.503107177049635
2066,1,0.502297549349171
2067,1,0.504991305012166
2068,2,0.508527654849105
2069,2,0.502209324920932
2070,2,0.501968192427973
2071,2,0.503737458961812
2072,1,0.502176032599321
2073,2,0.502802748889076
2074,1,0.506716362747183
2075,2,0.501660153987619
2076,1,0.502386058234329
2077,2,0.501151888213119
2078,2,0.508355754071683
2079,2,0.502156012754334
2080,1,0.505621077665803
2081,2,0.503550376685959
2082,2,0.501772113649113
2083,1,0.502866294468053
2084,2,0.502598197196328
2085,1,0.506064190041845
2086,2,0.502723207628002
2088,1,0.507291328639248
2089,2,0.503109427364215
2090,1,0.506685938783983
2091,2,0.501968192427973
2092,2,0.503737458961812
2093,1,0.50792416694875
2094,2,0.504336473435284
2095,2,0.500752304424857
2096,1,0.506064190041845
2097,2,0.503597924890964
2098,2,0.502732823627811
2099,1,0.503799711754448
2100,2,0.502614282299432
2101,1,0.504040503499779
2102,2,0.50874551131611
2103,2,0.506216903665037
2104,1,0.502134812286063
2105,1,0.508465186140907
2106,2,0.505093534434077
2107,2,0.502166739885063
2108,2,0.502922364681046
2109,2,0.500168416989526
2110,2,0.503998158166684
2111,2,0.501815261030041
2112,2,0.507592086546729
2113,2,0.500908405168491
2114,2,0.500107213432091
2115,2,0.509200664981986
2116,2,0.503998158166684
2117,2,0.501205735099674
2118,1,0.504259374817214
2119,2,0.501772113649113
2120,1,0.503799711754448
2121,2,0.503244566410894
2122,2,0.502598197196328
2123,2,0.501409309247426
2124,2,0.504346585026484
2125,1,0.501936620890971
2126,1,0.503799711754448
2127,1,0.509032983456037
2128,2,0.501772113649113
2129,2,0.506148984191188
2130,2,0.506119405295916
2131,2,0.503113895554525
2132,1,0.501744130822145
2133,1,0.507541790344333
2134,1,0.500576614718324
2135,2,0.500495849038527
2136,1,0.502134812286063
2137,2,0.503998158166684
2139,2,0.503926885205095
2140,2,0.500501075671861
2141,1,0.506120953927682
2142,2,0.505433594589698
2143,2,0.501772113649113
2144,2,0.501810407764736
2145,2,0.503088124388431
2146,1,0.506064190041845
2147,2,0.502636155099709
2148,1,0.500909117012108
2149,1,0.501845245104451
2150,1,0.505085325156681
2151,2,0.501160081707997
2152,2,0.506882773877309
2154,2,0.503926885205095
2155,2,0.501772113649113
2157,2,0.502958438767426
2158,1,0.506685938783983
2159,1,0.507541790344333
2160,2,0.508476546481195
2161,2,0.503255694358035
2162,1,0.505037302695975
2163,2,0.503488663854803
2164,2,0.503088124388431
2165,2,0.502006079963522
2166,2,0.507463461961397
2167,2,0.503550376685959
2168,1,0.503134962772271
2169,1,0.506064190041845
2170,2,0.501807062792289
2171,1,0.506688660759901
2172,2,0.504578849768406
2173,1,0.50050148046289
2174,2,0.504023711610485
2175,2,0.505119309154304
2176,1,0.504224220250267
2177,2,0.503085600620209
2179,2,0.502958438767426
2180,2,0.500013477859581
2181,1,0.503324338485293
2182,1,0.503381275195083
2183,2,0.501225355596149
2184,1,0.503883791401176
2185,2,0.50065074060703
2186,2,0.500248618842538
2187,2,0.504380000648483
2188,1,0.502176032599321
2189,1,0.50396796069339
2190,2,0.501657408924854
2191,2,0.509200664981986
2192,2,0.503550376685959
2193,2,0.503173231987193
2194,1,0.509286060377129
2195,2,0.508760136146829
2196,2,0.502178995912536
2197,2,0.507149770341912
2198,1,0.506064190041845
2199,1,0.501561177422557
2200,1,0.508522371203113
2201,1,0.501823172311785
2202,1,0.50050148046289
2203,1,0.502876895942781
2204,1,0.501684223110599
2205,2,0.504706857665469
2206,2,0.507246016450144
2207,1,0.503883791401176
2208,2,0.500465816776882
2209,2,0.501004833502681
2210,2,0.50046506923615
2211,2,0.500583689083055
2212,2,0.501094837895989
2213,2,0.504681144678408
2214,2,0.502784989013045
2215,2,0.505989033903225
2216,2,0.501815261030041
2217,2,0.507592086546729
2218,2,0.503118121427756
2219,1,0.504307464930128
2220,2,0.504578849768406
2222,2,0.500316370031583
2223,1,0.506286722519103
2224,1,0.500417203701645
2225,1,0.506032959447785
2226,1,0.501432220744657
2227,1,0.501430708075035
2228,2,0.502178995912536
2229,2,0.503550376685959
2230,2,0.503088124388431
2231,1,0.506064190041845
2232,2,0.503088124388431
2233,2,0.507036626744498
2234,2,0.50335103807657
2236,2,0.503926885205095
2237,2,0.500501075671861
2238,2,0.50590463016374
2239,2,0.505871645146914
2240,1,0.507887324316176
2241,2,0.500689454150495
2242,1,0.502730304349648
2243,1,0.501430708075035
2244,1,0.502045957845515
2245,2,0.508979842054527
2246,2,0.501956574448469
2247,1,0.506064190041845
2248,2,0.501065678137755
2249,1,0.50491680205238
2250,1,0.500594239125108
2251,1,0.50632075281863
2252,1,0.501202908679468
2253,2,0.508537371373738
2254,1,0.506433246893304
2255,1,0.50632075281863
2256,1,0.50050148046289
2257,2,0.501029188588537
2258,2,0.505433594589698
2260,2,0.503926885205095
2261,1,0.500657015482214
2262,1,0.501278704726715
2263,2,0.505093534434077
2264,2,0.504962893216548
2265,1,0.500657015482214
2266,2,0.504528910258688
2267,1,0.501202908679468
2268,2,0.50619397432803
2270,2,0.503926885205095
2271,1,0.501381305062161
2272,2,0.503570052173453
2273,2,0.502256961139407
2274,1,0.507793590390997
2275,2,0.505142227475561
2276,1,0.501591579642347
2277,1,0.508465186140907
2278,1,0.506685938783983
2279,2,0.504023711610485
2280,1,0.50717174814038
2281,1,0.503427790156997
2282,1,0.507041101511139
2283,1,0.500417203701645
2284,2,0.502117174767249
2285,1,0.504026514799419
2286,2,0.502802748889076
2287,1,0.506688660759901
2288,2,0.504578849768406
2289,1,0.50050148046289
2290,2,0.500107213432091
2291,1,0.501936620890971
2292,1,0.501076147955379
2294,2,0.502958438767426
2295,1,0.508465186140907
2296,2,0.505093534434077
2297,2,0.501499561283678
2299,2,0.503926885205095
2300,2,0.503550376685959
2301,2,0.503173231987193
2302,1,0.509286060377129
2303,2,0.508760136146829
2304,2,0.502178995912536
2305,1,0.504578419861731
2306,1,0.506064190041845
2307,1,0.501561177422557
2308,1,0.508522371203113
2309,1,0.500361998200713
2310,1,0.50050148046289
2311,1,0.502876895942781
2312,1,0.501684223110599
2313,2,0.504706857665469
2314,2,0.507246016450144
2315,1,0.504307464930128
2316,2,0.50354486796794
2317,2,0.503550376685959
2318,2,0.502353420962394
2319,1,0.501561177422557
2320,1,0.50491680205238
2321,1,0.500594239125108
2322,2,0.501553329415055
2323,1,0.505466603984417
2324,1,0.506064190041845
2325,1,0.501464871440468
2326,1,0.503534988295623
2327,2,0.506802562248601
2328,1,0.506685938783983
2329,1,0.50491680205238
2330,1,0.501263038665193
2331,2,0.507154057181166
2332,1,0.506064190041845
2333,1,0.504307464930128
2334,2,0.504578849768406
2335,1,0.503147361038444
2336,1,0.501936620890971
2337,2,0.501350540886896
2338,1,0.502831875934134
2339,2,0.508723516498953
2341,2,0.50126871010906
2342,2,0.501968192427973
2343,2,0.502021513888721
2344,1,0.502176032599321
2345,2,0.503550376685959
2346,2,0.501023505551664
2347,1,0.509286060377129
2348,1,0.503903849126258
2349,1,0.504578419861731
2350,1,0.506064190041845
2351,1,0.504307464930128
2352,2,0.505956521655108
2353,2,0.503096178729883
2354,1,0.501936620890971
2355,2,0.501350540886896
2356,1,0.502831875934134
2357,1,0.507161940298561
2358,2,0.500781475076779
2359,1,0.501588075663612
2360,1,0.503427590337517
2361,1,0.504307464930128
2362,1,0.508522371203113
2363,1,0.500361998200713
2364,1,0.501936620890971
2365,2,0.501350540886896
2366,1,0.502831875934134
2367,1,0.507161940298561
2368,2,0.500781475076779
2369,1,0.501588075663612
2370,1,0.503427590337517
2371,1,0.504307464930128
2372,1,0.508522371203113
2373,1,0.501823172311785
2374,1,0.501936620890971
2375,2,0.501350540886896
2376,1,0.502831875934134
2377,1,0.507161940298561
2378,2,0.500781475076779
2379,1,0.501588075663612
2380,1,0.503427590337517
2381,1,0.507270579471612
2382,2,0.503550376685959
2383,2,0.503096178729883
2384,1,0.503147361038444
2385,1,0.501936620890971
2386,2,0.501350540886896
2387,1,0.502831875934134
2388,2,0.508723516498953
2390,2,0.50126871010906
2391,2,0.501968192427973
2392,2,0.502021513888721
2393,1,0.502176032599321
2394,2,0.503550376685959
2395,2,0.501023505551664
2396,1,0.509286060377129
2397,1,0.503903849126258
2398,1,0.504578419861731
2399,1,0.506064190041845
2400,1,0.504307464930128
2401,1,0.508522371203113
2402,1,0.500361998200713
2403,1,0.503147361038444
2404,1,0.501936620890971
2405,2,0.501350540886896
2406,1,0.502831875934134
2407,2,0.508723516498953
2409,2,0.50126871010906
2410,2,0.501968192427973
2411,2,0.502021513888721
2412,1,0.502176032599321
2413,1,0.508522371203113
2414,1,0.501823172311785
2415,1,0.504307464930128
2416,2,0.503088124388431
2417,1,0.506064190041845
2418,1,0.501561177422557
2419,1,0.508522371203113
2420,1,0.501823172311785
2421,1,0.50050148046289
2422,1,0.506395410075257
2423,2,0.507076306884148
2424,2,0.506968115168612
2425,1,0.503319638358635
2426,2,0.507810335265095
2427,1,0.506064190041845
2428,2,0.503335029382827
2429,2,0.501259830696651
2430,2,0.502466631718571
2431,1,0.508522371203113
2432,1,0.501823172311785
2433,1,0.50050148046289
2434,1,0.506395410075257
2435,2,0.507076306884148
2436,2,0.506968115168612
2437,1,0.503319638358635
2438,2,0.507810335265095
2439,1,0.506064190041845
2440,2,0.503335029382827
2441,2,0.501259830696651
2442,1,0.504307464930128
2443,1,0.508522371203113
2444,1,0.504932664468248
2445,2,0.507056455376731
2446,1,0.50050148046289
2447,1,0.502876895942781
2448,1,0.501684223110599
2449,2,0.504706857665469
2450,2,0.507246016450144
2451,1,0.502769029526642
2452,2,0.503588287142231
2453,1,0.503271396846059
2454,1,0.506315644685277
2455,2,0.501072917930407
2456,2,0.507056455376731
2457,1,0.501076147955379
2458,2,0.502511409324003
2459,1,0.508522371203113
2460,1,0.501823172311785
2461,1,0.50050148046289
2462,1,0.503319638358635
2463,1,0.504578419861731
2464,1,0.504307464930128
2465,1,0.508522371203113
2466,1,0.500361998200713
2467,1,0.501263038665193
2468,1,0.505466603984417
2469,1,0.506064190041845
2470,1,0.508522371203113
2471,1,0.501823172311785
2472,1,0.500262918085435
2473,1,0.509286060377129
2474,1,0.504307464930128
2475,1,0.504578419861731
2476,1,0.505085325156681
2477,1,0.502386058234329
2478,2,0.501151888213119
2479,2,0.501772113649113
2480,2,0.501810407764736
2481,2,0.502156012754334
2482,1,0.506064190041845
2483,2,0.503969837801177
2484,1,0.500417203701645
2485,1,0.501385222228109
2486,2,0.506035293758216
2487,2,0.502871696647824
2488,2,0.503550376685959
2489,1,0.503134962772271
2490,1,0.506064190041845
2491,1,0.504307464930128
2492,2,0.504578849768406
2493,1,0.500657015482214
2494,1,0.501243453507092
2495,2,0.501029188588537
2496,2,0.507654992499448
2497,1,0.50850596305673
2498,1,0.501430708075035
2499,1,0.502045957845515
2500,1,0.505621077665803
2501,2,0.50139040381928
2502,2,0.502156012754334
2503,1,0.504578419861731
2504,1,0.506064190041845
2505,2,0.502466631718571
2506,2,0.504578849768406
2507,1,0.503042242491416
2508,1,0.501263038665193
2509,1,0.507090621624561
2511,2,0.501313685316886
2512,2,0.502739686775058
2513,1,0.506174908410037
2514,1,0.506685938783983
2516,2,0.503926885205095
2517,2,0.50047603132842
2518,1,0.50050148046289
2519,1,0.508465186140907
2520,1,0.501936620890971
2521,2,0.504578849768406
2522,2,0.505142227475561
2523,2,0.502245226602294
2524,2,0.500107213432091
2525,2,0.505093534434077
2526,2,0.501499561283678
2528,2,0.503926885205095
2529,2,0.503550376685959
2530,2,0.503173231987193
2531,1,0.509286060377129
2532,2,0.508760136146829
2533,2,0.502178995912536
2534,1,0.504578419861731
2535,1,0.506064190041845
2536,2,0.508740087903472
2537,1,0.500854896160952
2538,1,0.50343352577851
2539,1,0.500492671420218
2540,2,0.501267286193391
2541,1,0.509353827675936
2542,1,0.506456139174124
2543,2,0.503173231987193
2544,1,0.509286060377129
2545,1,0.503903849126258
2546,1,0.506064190041845
